"Reference","Qty","Value","Footprint","Datasheet","Manufacturer","Manufacturer Part Number"
"BZ1","1","Buzzer","Buzzer_Beeper:Buzzer_12x9.5RM7.6","https://www.mouser.fr/datasheet/3/6118/1/cmi_1295_85t.pdf","Same Sky","CMI-1295-85T"
"C1","1","0u1","Capacitor_SMD:C_0402_1005Metric","https://datasheets.kyocera-avx.com/KGM_X7R.pdf","KYOCERA AVX","04023C104KAT2A"
"C2,C11,C13,C19,C20","5","4u7","Capacitor_SMD:C_0603_1608Metric","https://datasheets.kyocera-avx.com/cx5r.pdf","KYOCERA AVX","0603YD475MAT2A"
"C3,C4,C5,C6,C7,C8,C9,C12,C21","9","100n","Capacitor_SMD:C_0402_1005Metric","https://datasheets.kyocera-avx.com/KGM_X7R.pdf","KYOCERA AVX","04023C104KAT2A"
"C10","1","100p","Capacitor_SMD:C_0402_1005Metric","https://datasheets.kyocera-avx.com/C0GNP0-KGM.pdf","KYOCERA AVX","04025A101JAT2A"
"C14","1","1u","Capacitor_SMD:C_0402_1005Metric","https://www.mouser.fr/datasheet/3/76/1/GRM155R61E105KA12-01A.pdf","Murata Electronics","GRM155R61E105KA12D"
"C15,C16","2","10p","Capacitor_SMD:C_0402_1005Metric","https://datasheets.kyocera-avx.com/C0GNP0-KGM.pdf","KYOCERA AVX","04025A100JAT4A"
"C24","1","0p8","Capacitor_SMD:C_0402_1005Metric","https://www.vishay.com/docs/45239/vjhifreqht.pdf","Vishay / Vitramon","VJ0402D0R8VXBAJHT"
"C25","1","0p3","Capacitor_SMD:C_0402_1005Metric","https://pim.murata.com/asset/pim4/ceramicCapacitorSMD/GRM1555C1HR30WA01-01A-EN_PDF_CERAMICCAPACITORSMD","Murata Electronics","GRM1555C1HR30WA01D"
"D1","1","LED","LED_SMD:LED_0402_1005Metric","https://www.we-online.com/components/products/datasheet/150040RS73240.pdf","Wurth Elektronik","150040RS73240"
"D2,D3,D4","3","LED","LED_THT:LED_D3.0mm","https://www.mouser.fr/ProductDetail/Kingbright/WP7113ND?qs=CJFmpBjNieP5MCFQ3vDfmg%3D%3D,https://www.mouser.fr/ProductDetail/Kingbright/WP7113QBC-D?qs=XgtFEgsXKydBAGlnpgZKtA%3D%3D,https://www.snapeda.com/parts/WP7113SYD/Kingbright/datasheet/","Kingbright,Kingbright ","WP7113ND,WP7113QBC/D,WP7113SYD"
"FLT1","1","DLF162500LT-5028A1","my_personnal_Library_footprint:FIL_DEA160915LT-1169","https://product.tdk.com/system/files/dam/doc/product/rf/rf/filter/catalog/rf_lpf_dlf162500lt-5028a1_en.pdf","TDK","DLF162500LT-5028A1"
"J1,J4","2","Conn_01x04","Connector_PinHeader_2.54mm:PinHeader_1x04_P2.54mm_Vertical","https://www.snapeda.com/parts/TSW-112-07-TM-S/Samtec/datasheet/","SAMTEC","TSW-112-07-TM-S "
"J2","1","Conn_Coaxial","Connector_Coaxial:U.FL_Hirose_U.FL-R-SMT-1_Vertical","https://www.mouser.com/catalog/specsheets/hiros04491-1.pdf","Hirose Connector","U.FL-R-SMT(01)"
"J3","1","USB_C_Receptacle_USB2.0_16P","Connector_USB:USB_C_Receptacle_GCT_USB4105-xx-A_16P_TopMnt_Horizontal","https://www.usb.org/sites/default/files/documents/usb_type-c.zip","GCT","USB4105-GF-A"
"L1","1","10n","Inductor_SMD:L_0402_1005Metric","https://www.mouser.fr/datasheet/3/76/2/JELF243B_9117.pdf","Murata Electronics","LQG15WZ10NJ02D"
"L2","1","10u","Inductor_SMD:L_0805_2012Metric","https://www.mouser.fr/datasheet/3/76/2/JELF243B_0011.pdf","Murata Electronics","LQM21FN100M70L"
"L3","1","2n7","Inductor_SMD:L_0402_1005Metric","https://www.mouser.fr/datasheet/3/76/2/JELF243B_0010.pdf","Murata Electronics","LQG15HS2N7S02D"
"Q1","1","MMBT2222A","Package_TO_SOT_SMD:SOT-23","https://assets.nexperia.com/documents/data-sheet/MMBT2222A.pdf","Diotec Semiconductor","MMBT2222A"
"R1","1","10k","Resistor_SMD:R_0402_1005Metric","https://www.mouser.fr/datasheet/3/508/1/PYu-RC_Group_51_RoHS_L_12.pdf","YAGEO","RC0402BR-0710KL"
"R2,R3","2","5k1","Resistor_SMD:R_0402_1005Metric","https://www.mouser.fr/ProductDetail/YAGEO/RC0402BR-075K1L?qs=eP2BKZSCXI5z8A6ic6YLjQ%3D%3D","YAGEO","RC0402BR-075K1L"
"R4,R8,R9,R10","4","220","Resistor_SMD:R_0402_1005Metric","https://www.mouser.com/catalog/specsheets/YAGEO_PYu_RC_Group_51_RoHS_L_12.pdf","YAGEO","RC0402FR-07221RL"
"R5,R6","2","4k7","Resistor_SMD:R_0402_1005Metric","https://snapeda.s3.amazonaws.com/datasheet/Yageo_RC_Series_Resistor.pdf?utm_source=snapeda&utm_medium=referral&utm_campaign=snapeda-suppression-datasheet","YAGEO","RC0402BR-074K7L"
"R7","1","1k","Resistor_SMD:R_0402_1005Metric","https://www.snapeda.com/parts/RC0402BR-071KL/Yageo/view-part/?ref=mouser","YAGEO","RC0402BR-071KL"
"SW1","1","SW_Push","Button_Switch_SMD:SW_SPST_CK_RS282G05A3","https://www.mouser.com/catalog/specsheets/RS-282G05A-SM_RT.pdf","C&K","RS-282G05A3-SM RT"
"U1","1","STM32WB55RGVx","my_personnal_Library_footprint:QFN40P800X800X100-69N","https://www.st.com/resource/en/datasheet/stm32wb55cc.pdf","STMicroelectronics","STM32WB55RGV6"
"U2","1","USBLC6-2SC6","Package_TO_SOT_SMD:SOT-23-6","https://www.st.com/resource/en/datasheet/usblc6-2.pdf","STMicroelectronics","USBLC6-2SC6"
"U3","1","MIC5365-3.3YD5","Package_TO_SOT_SMD:TSOT-23-5","https://ww1.microchip.com/downloads/aemDocuments/documents/APID/ProductDocuments/DataSheets/MIC5365-6-High-Performance-Single-150mA-LDO-DS20006605A.pdf","Microchip Technology","MIC5365-3.3YD5-TR"
"U4","1","BME280","Package_LGA:Bosch_LGA-8_2.5x2.5mm_P0.65mm_ClockwisePinNumbering","https://www.bosch-sensortec.com/media/boschsensortec/downloads/datasheets/bst-bme280-ds002.pdf","Bosch Sensortec","BME280"
"Y1","1","32kHz768","Crystal:Crystal_SMD_2012-2Pin_2.0x1.2mm","https://www.mouser.fr/datasheet/3/1591/1/NDKX01_00006_en.pdf","NDK","NX2012SA-32.768K-STD-MUB-1"
"Y2","1","32MHz","Crystal:Crystal_SMD_2016-4Pin_2.0x1.6mm","https://www.ndk.com/en/products/upload/lineup/pdf/NDKX03-00015_en.pdf","NDK","NX2016SA-32M-EXS00A-CS06465"
